polling_place_key,D_registered,Oth_registered,R_registered,D_voted,Oth_voted,R_voted,D_turnout_pct,R_turnout_pct,Oth_turnout_pct,registered_total,voted_total,turnout_pct,polling_place,full_address,post_office,precinct_codes,precinct_split_ids,municipality_districts
Advent Lutheran Church | 45 Worthington Mill Rd Richboro PA 18954 | Richboro,826,329,973,549,127,557,66.46,57.25,38.6,2128,1233,57.94,Advent Lutheran Church,45 Worthington Mill Rd Richboro PA 18954,Richboro,31010,31010-1,Northampton Twp. District 1
Afton Elementary School | 1673 Quarry Rd Yardley PA 19067 | Yardley,2653,1506,2748,1621,575,1475,61.1,53.68,38.18,6907,3671,53.15,Afton Elementary School,1673 Quarry Rd Yardley PA 19067,Yardley,20011; 20012; 20013,20011-1; 20012-1; 20013-1,Lower Makefield Twp. North 1; Lower Makefield Twp. North 2; Lower Makefield Twp. North 3
American Legion Post #440 | 41 Linden Ave Newtown PA 18940 | Newtown,790,396,811,498,148,441,63.04,54.38,37.37,1997,1087,54.43,American Legion Post #440,41 Linden Ave Newtown PA 18940,Newtown,29020,29020-1,Newtown Twp. District 2
Anchor Presbyterian Church | 980 Durham Rd Newtown PA 18940 | Wrightstown,874,533,1332,551,183,768,63.04,57.66,34.33,2739,1502,54.84,Anchor Presbyterian Church,980 Durham Rd Newtown PA 18940,Wrightstown,53000,53000-1,Wrightstown Twp.
Ancient Order of the Hibernians | 614 Corson St Bristol PA 19007 | Bristol,947,249,375,391,45,128,41.29,34.13,18.07,1571,564,35.9,Ancient Order of the Hibernians,614 Corson St Bristol PA 19007,Bristol,04011; 04012,04011-1; 04012-1,Bristol Borough North 1; Bristol Borough North 2
"Ann's Choice Senior Living Community | 30000 Anns Choice Way, Warminster, PA 18974 | Warminster",1204,273,1171,884,120,676,73.42,57.73,43.96,2648,1680,63.44,Ann's Choice Senior Living Community,"30000 Anns Choice Way, Warminster, PA 18974",Warminster,49140,49140-1,Warminster Twp. District 14
Ascension Lutheran Church | 900 Washington Crossing Rd Newtown PA 18940 | Newtown,1497,801,1852,1039,363,1078,69.41,58.21,45.32,4150,2480,59.76,Ascension Lutheran Church,900 Washington Crossing Rd Newtown PA 18940,Newtown,47020; 47040,47020-1; 47040-1,Upper Makefield Twp. District 2; Upper Makefield Twp. District 4
Beechwood Neuro Rehab | 469 E Maple Ave Langhorne PA 19047 | Langhorne,923,322,721,639,151,397,69.23,55.06,46.89,1966,1187,60.38,Beechwood Neuro Rehab,469 E Maple Ave Langhorne PA 19047,Langhorne,22250,22250-1,Middletown Twp. Upper 5
Belmont Hills Elementary School | 5000 Neshaminy Blvd Bensalem PA 19020 | Bensalem,2367,967,1857,1068,230,855,45.12,46.04,23.78,5191,2153,41.48,Belmont Hills Elementary School,5000 Neshaminy Blvd Bensalem PA 19020,Bensalem,02054; 02057; 02058; 02062,02054-1; 02057-1; 02058-1; 02062-1,Bensalem Twp. Upper 12; Bensalem Twp. Upper 4; Bensalem Twp. Upper 7; Bensalem Twp. Upper 8
Ben Franklin Middle School | 6403 Mill Creek Rd Levittown PA 19057 | Levittown,677,250,525,314,58,212,46.38,40.38,23.2,1452,584,40.22,Ben Franklin Middle School,6403 Mill Creek Rd Levittown PA 19057,Levittown,05081,05081-1,Bristol Twp. 8 - 1
Benjamin H. Wilson Senior Center | 580 Delmont Ave Warminster PA 18974 | Warminster,1122,389,1469,776,153,857,69.16,58.34,39.33,2980,1786,59.93,Benjamin H. Wilson Senior Center,580 Delmont Ave Warminster PA 18974,Warminster,49080; 49120,49080-1; 49120-1,Warminster Twp. District 12; Warminster Twp. District 8
Bensalem High School | 4319 Hulmeville Rd Bensalem PA 19020 | Bensalem,1854,731,2235,1000,224,1186,53.94,53.06,30.64,4820,2410,50.0,Bensalem High School,4319 Hulmeville Rd Bensalem PA 19020,Bensalem,02015; 02016; 02018,02015-1; 02016-1; 02018-1,Bensalem Twp. Lower East 5; Bensalem Twp. Lower East 6; Bensalem Twp. Lower East 8
Blooming Glen Mennonite church | 713 Blooming Glen Rd Blooming Glen PA 18911 | Blooming Glen,515,343,1171,352,131,711,68.35,60.72,38.19,2029,1194,58.85,Blooming Glen Mennonite church,713 Blooming Glen Rd Blooming Glen PA 18911,Blooming Glen,15011,15011-1,Hilltown Twp. Blooming Glen 1
Boy Scout Council | 1 Scout Way Doylestown PA 18901 | Doylestown,469,193,252,296,87,125,63.11,49.6,45.08,914,508,55.58,Boy Scout Council,1 Scout Way Doylestown PA 18901,Doylestown,08032,08032-1,Doylestown Borough 3 - 2
Bridgeton Twp Building | 1370 Bridgeton Hill Rd Upper Black Eddy PA 18972 | Upper Black Eddy,323,216,457,209,76,199,64.71,43.54,35.19,996,484,48.59,Bridgeton Twp Building,1370 Bridgeton Hill Rd Upper Black Eddy PA 18972,Upper Black Eddy,03000,03000-1,Bridgeton Twp.
Bristol Borough Junior/Senior High School | 1801 Wilson Ave Bristol PA 19007 | Bristol,1237,292,651,721,62,298,58.29,45.78,21.23,2180,1081,49.59,Bristol Borough Junior/Senior High School,1801 Wilson Ave Bristol PA 19007,Bristol,04021; 04022,04021-1; 04022-1,Bristol Borough East 1; Bristol Borough East 2
Bristol Township Municipal Building | 2501 Bath Rd Bristol PA 19007 | Levittown,1281,374,647,553,63,251,43.17,38.79,16.84,2302,867,37.66,Bristol Township Municipal Building,2501 Bath Rd Bristol PA 19007,Levittown,05031; 05032,05031-1; 05032-1,Bristol Twp. 3 - 1; Bristol Twp. 3 - 2
Brookwood Elem School | 2200 Haines Rd Levittown PA 19055 | Levittown,1955,787,1567,952,163,596,48.7,38.03,20.71,4309,1711,39.71,Brookwood Elem School,2200 Haines Rd Levittown PA 19055,Levittown,05071; 05111; 05112,05071-1; 05111-1; 05112-1,Bristol Twp. 11 - 1; Bristol Twp. 11 - 2; Bristol Twp. 7 - 1
Buckingham Springs Clubhouse | 1490 Durham Rd New Hope PA 18938 | New Hope,560,268,744,407,119,463,72.68,62.23,44.4,1572,989,62.91,Buckingham Springs Clubhouse,1490 Durham Rd New Hope PA 18938,New Hope,06012,06012-1,Buckingham Twp. Lower 2
Buckingham Township Building | 4613 Hughesian Dr Buckingham PA 18912 | Buckingham,1540,798,1662,1009,306,960,65.52,57.76,38.35,4000,2275,56.88,Buckingham Township Building,4613 Hughesian Dr Buckingham PA 18912,Buckingham,06021; 06022,06021-1; 06022-1,Buckingham Twp. Middle 1; Buckingham Twp. Middle 2
Bucks County Bar Association | 135 E State St Doylestown PA 18901 | Doylestown,566,184,364,415,82,223,73.32,61.26,44.57,1114,720,64.63,Bucks County Bar Association,135 E State St Doylestown PA 18901,Doylestown,08011,08011-1,Doylestown Borough 1 - 1
Bucks County Community College - Lower Bucks | 1304 Veterans Hwy Bristol PA 19007 | Bristol,2260,799,1280,949,133,414,41.99,32.34,16.65,4339,1496,34.48,Bucks County Community College - Lower Bucks,1304 Veterans Hwy Bristol PA 19007,Bristol,05033; 05041; 05042,05033-1; 05041-1; 05042-1,Bristol Twp. 3 - 3; Bristol Twp. 4 - 1; Bristol Twp. 4 - 2
Bucks County Community College - Lower Bucks | 1304 Veterans Hwy Bristol PA 19007 | Briston,477,199,409,187,25,122,39.2,29.83,12.56,1085,334,30.78,Bucks County Community College - Lower Bucks,1304 Veterans Hwy Bristol PA 19007,Briston,05043,05043-1,Bristol Twp. 4 - 3
Bucks County Community College - Upper Bucks | 1 Hillendale Rd Perkasie PA 18944 | Perkasie,1334,823,2359,799,262,1233,59.9,52.27,31.83,4516,2294,50.8,Bucks County Community College - Upper Bucks,1 Hillendale Rd Perkasie PA 18944,Perkasie,12010; 12020,12010-1; 12020-1,East Rockhill Twp. District 1; East Rockhill Twp. District 2
Bucks County Free Library Bensalem Branch | 3700 Hulmeville Rd Bensalem PA 19020 | Bensalem,1198,529,764,368,94,269,30.72,35.21,17.77,2491,731,29.35,Bucks County Free Library Bensalem Branch,3700 Hulmeville Rd Bensalem PA 19020,Bensalem,02024; 02025,02024-1; 02025-1,Bensalem Twp. Lower Middle 4; Bensalem Twp. Lower Middle 5
Bucks County Free Library | 7311 New Falls Rd Levittown PA 19055 | Levittown,448,192,335,189,35,123,42.19,36.72,18.23,975,347,35.59,Bucks County Free Library,7311 New Falls Rd Levittown PA 19055,Levittown,05061,05061-1,Bristol Twp. 6 - 1
Bucks County Government Services Center | 7321 New Falls Rd Levittown PA 19055 | Levittown,811,325,623,370,47,244,45.62,39.17,14.46,1759,661,37.58,Bucks County Government Services Center,7321 New Falls Rd Levittown PA 19055,Levittown,05082,05082-1,Bristol Twp. 8 - 2
Bucks County Public Safety Training Center | 1760 S. Easton Road Doylestown PA 18901 | Doylestown,1090,519,1119,752,209,650,68.99,58.09,40.27,2728,1611,59.05,Bucks County Public Safety Training Center,1760 S. Easton Road Doylestown PA 18901,Doylestown,09030; 09040,09030-1; 09040-1,Doylestown Twp. District 3; Doylestown Twp. District 4
Bucks IU22 @ Samuel Everitt Elementary School | 145 Forsythia Dr S Levittown PA 19056 | Levittown,1207,408,1158,733,144,642,60.73,55.44,35.29,2773,1519,54.78,Bucks IU22 @ Samuel Everitt Elementary School,145 Forsythia Dr S Levittown PA 19056,Levittown,22050; 22100; 22120,22050-1; 22100-1; 22120-1,Middletown Twp. Lower 10; Middletown Twp. Lower 12; Middletown Twp. Lower 5
"Calvary Church of Souderton | 820 Pa-113, Souderton, PA 18964 | Souderton",749,363,947,403,108,488,53.81,51.53,29.75,2059,999,48.52,Calvary Church of Souderton,"820 Pa-113, Souderton, PA 18964",Souderton,15021,15021-1,Hilltown Twp. Fairhill 1
Cecelia Snyder Middle School | 3330 Hulmeville Rd Bensalem PA 19020 | Bensalem,1533,565,1134,669,133,589,43.64,51.94,23.54,3232,1391,43.04,Cecelia Snyder Middle School,3330 Hulmeville Rd Bensalem PA 19020,Bensalem,02014; 02061,02014-1; 02061-1,Bensalem Twp. Lower East 4; Bensalem Twp. Upper 11
Central Bucks Community Senior Center Large Room | 700 N Shady Retreat Rd Doylestown PA 18901 | Doylestown,2142,983,1897,1371,350,1017,64.01,53.61,35.61,5022,2738,54.52,Central Bucks Community Senior Center Large Room,700 N Shady Retreat Rd Doylestown PA 18901,Doylestown,09050; 09060,09050-1; 09060-1,Doylestown Twp. District 5; Doylestown Twp. District 6
Central Bucks High School East | 2804 Holicong Rd Doylestown PA 18902 | Doylestown,928,547,1096,612,224,664,65.95,60.58,40.95,2571,1500,58.34,Central Bucks High School East,2804 Holicong Rd Doylestown PA 18902,Doylestown,06032,06032-1,Buckingham Twp. Upper 2
Central Bucks High School South | 1100 Folly Rd Warrington PA 18976 | Warrington,3078,1620,3741,1798,569,1882,58.41,50.31,35.12,8439,4249,50.35,Central Bucks High School South,1100 Folly Rd Warrington PA 18976,Warrington,50020; 50060; 50070,50020-1; 50060-1; 50070-1,Warrington Twp. District 2; Warrington Twp. District 6; Warrington Twp. District 7
Chalfont United Methodist Church | 11 Meadowbrook Ln Chalfont PA 18914 | Chalfont,1455,602,1358,920,193,703,63.23,51.77,32.06,3415,1816,53.18,Chalfont United Methodist Church,11 Meadowbrook Ln Chalfont PA 18914,Chalfont,07000,07000-1,Chalfont Borough
Charles Boehm Middle School | 866 Big Oak Rd Yardley PA 19067 | Yardley,2399,1084,1860,1567,424,925,65.32,49.73,39.11,5343,2916,54.58,Charles Boehm Middle School,866 Big Oak Rd Yardley PA 19067,Yardley,20024; 20029,20024-1; 20029-1,Lower Makefield Twp. South 4; Lower Makefield Twp. South 9
Churchville Elementary School | 100 New Rd Churchville PA 18966 | Churchville,430,209,699,240,71,381,55.81,54.51,33.97,1338,692,51.72,Churchville Elementary School,100 New Rd Churchville PA 18966,Churchville,31020,31020-1,Northampton Twp. District 2
Cold Spring Elementary School | 4150 Durham Rd Doylestown PA 18902 | Doylestown,1203,711,1532,809,278,917,67.25,59.86,39.1,3446,2004,58.15,Cold Spring Elementary School,4150 Durham Rd Doylestown PA 18902,Doylestown,06033; 06034,06033-1; 06034-1,Buckingham Twp. Upper 3; Buckingham Twp. Upper 4
Cornwell Elementary School | 2215 Hulmeville Rd Bensalem PA 19020 | Bensalem,343,143,523,191,44,279,55.69,53.35,30.77,1009,514,50.94,Cornwell Elementary School,2215 Hulmeville Rd Bensalem PA 19020,Bensalem,02022,02022-1,Bensalem Twp. Lower Middle 2
Cornwells Elementary School | 2215 Hulmeville Rd Bensalem PA 19020 | Bensalem,645,309,962,326,97,535,50.54,55.61,31.39,1916,958,50.0,Cornwells Elementary School,2215 Hulmeville Rd Bensalem PA 19020,Bensalem,02023,02023-1,Bensalem Twp. Lower Middle 3
Covenant Presbyterian Church | 4000 Route 202 Doylestown PA 18902 | Doylestown,870,482,999,571,213,579,65.63,57.96,44.19,2351,1363,57.98,Covenant Presbyterian Church,4000 Route 202 Doylestown PA 18902,Doylestown,06031,06031-1,Buckingham Twp. Upper 1
Deep Run Mennonite Church East | 350 Kellers Church Rd Perkasie PA 18944 | Perkasie,880,512,1608,564,178,894,64.09,55.6,34.77,3000,1636,54.53,Deep Run Mennonite Church East,350 Kellers Church Rd Perkasie PA 18944,Perkasie,01010,01010-1,Bedminster Twp. East
Deep Run Presbyterian Church | 16 Irish Meeting House Rd Perkasie Pa 18944 | Perkasie,885,492,1491,609,178,826,68.81,55.4,36.18,2868,1613,56.24,Deep Run Presbyterian Church,16 Irish Meeting House Rd Perkasie Pa 18944,Perkasie,01020,01020-1,Bedminster Twp. West
Delaware Valley Fire Company | 75 Headquarters Rd Erwinna PA 18920 | Erwinna,430,225,469,293,107,267,68.14,56.93,47.56,1124,667,59.34,Delaware Valley Fire Company,75 Headquarters Rd Erwinna PA 18920,Erwinna,44010,44010-1,Tinicum Twp. Delaware
Delaware valley Vietnam Veterans | 800 Coates Ave Bristol PA 19007 | Bristol,671,237,472,292,52,185,43.52,39.19,21.94,1380,529,38.33,Delaware valley Vietnam Veterans,800 Coates Ave Bristol PA 19007,Bristol,05051,05051-1,Bristol Twp. 5 - 1
Doylestown Borough Hall Municipal Building | 10 Doyle St Doylestown PA 18901 | Doylestown,491,175,260,317,66,144,64.56,55.38,37.71,926,527,56.91,Doylestown Borough Hall Municipal Building,10 Doyle St Doylestown PA 18901,Doylestown,08031,08031-1,Doylestown Borough 3 - 1
Doylestown Fire Company #1 | 68 Shewell Ave Doylestown PA 18901 | Doylestown,592,229,342,371,80,169,62.67,49.42,34.93,1163,620,53.31,Doylestown Fire Company #1,68 Shewell Ave Doylestown PA 18901,Doylestown,08021,08021-1,Doylestown Borough 2 - 1
Doylestown Township Building | 425 Wells Rd Doylestown PA 18901 | Doylestown,1386,672,1512,930,280,901,67.1,59.59,41.67,3570,2111,59.13,Doylestown Township Building,425 Wells Rd Doylestown PA 18901,Doylestown,09010; 09080,09010-1; 09080-1,Doylestown Twp. District 1; Doylestown Twp. District 8
Dublin Fire House | 194 N Main St Dublin PA 18917 | Dublin,545,355,731,285,91,324,52.29,44.32,25.63,1631,700,42.92,Dublin Fire House,194 N Main St Dublin PA 18917,Dublin,10000,10000-1,Dublin Borough
Durham Township Building | 215 Old Furnace Rd Durham PA 18039 | Durham,274,173,506,179,62,270,65.33,53.36,35.84,953,511,53.62,Durham Township Building,215 Old Furnace Rd Durham PA 18039,Durham,11000,11000-1,Durham Twp.
East Swamp church youth center | 2405 E Swamp Rd Quakertown PA 18951 | Quakertown,371,211,821,232,71,390,62.53,47.5,33.65,1403,693,49.39,East Swamp church youth center,2405 E Swamp Rd Quakertown PA 18951,Quakertown,23020,23020-1,Milford Twp. Roseville
Edgewood Elementary School | 899 Oxford Valley Rd Morrisville PA 19067 | Yardley,1387,672,1086,937,322,579,67.56,53.31,47.92,3145,1838,58.44,Edgewood Elementary School,899 Oxford Valley Rd Morrisville PA 19067,Yardley,20025; 20026; 20028,20025-1; 20026-1; 20028-1,Lower Makefield Twp. South 5; Lower Makefield Twp. South 6; Lower Makefield Twp. South 8
Eleanor Roosevelt Elementary School | 185 Walton Dr Morrisville PA 19067 | Morrisville,2413,1036,1346,1200,299,592,49.73,43.98,28.86,4795,2091,43.61,Eleanor Roosevelt Elementary School,185 Walton Dr Morrisville PA 19067,Morrisville,13013; 13015; 13016,13013-1; 13015-1; 13016-1,Falls Twp. 1 - 3; Falls Twp. 1 - 5; Falls Twp. 1 - 6
Emmaus Road Lutheran Church | 2185 Bristol Oxford Valley Rd Levittown PA 19057 | Levittown,1114,439,1088,589,109,487,52.87,44.76,24.83,2641,1185,44.87,Emmaus Road Lutheran Church,2185 Bristol Oxford Valley Rd Levittown PA 19057,Levittown,22060; 22090,22060-1; 22090-1,Middletown Twp. Lower 6; Middletown Twp. Lower 9
Everett A. McDonald Elementary School | 666 Reeves Ln Warminster PA 18974 | Warminster,1225,502,1507,669,139,675,54.61,44.79,27.69,3234,1483,45.86,Everett A. McDonald Elementary School,666 Reeves Ln Warminster PA 18974,Warminster,49050; 49110,49050-1; 49110-1,Warminster Twp. District 11; Warminster Twp. District 5
Fallsington Elementary School | 134 Yardley Ave Fallsington PA 19054 | Fallsington,1745,784,1256,757,145,449,43.38,35.75,18.49,3785,1351,35.69,Fallsington Elementary School,134 Yardley Ave Fallsington PA 19054,Fallsington,13011; 13017,13011-1; 13017-1,Falls Twp. 1 - 1; Falls Twp. 1 - 7
Feasterville Fire House | 20 Irving Pl Feasterville Trevose PA 19053 | Feasterville,503,226,642,248,64,281,49.3,43.77,28.32,1371,593,43.25,Feasterville Fire House,20 Irving Pl Feasterville Trevose PA 19053,Feasterville,21026,21026-1,Lower Southampton Twp. West 6
First Church of the Brethren | 455 Trumbauersville Rd Quakertown PA 18951 | Quakertown,757,488,1211,403,131,476,53.24,39.31,26.84,2456,1010,41.12,First Church of the Brethren,455 Trumbauersville Rd Quakertown PA 18951,Quakertown,36040,36040-1,Richland Twp. District 4
First United Church of Christ | 151 S 4th St Quakertown PA 18951 | Quakertown,303,187,344,140,32,122,46.2,35.47,17.11,834,294,35.25,First United Church of Christ,151 S 4th St Quakertown PA 18951,Quakertown,35020,35020-1,Quakertown Borough 2nd Ward
Forest Grove Presbyterian Church | 1856 Forest Grove Rd Forest Grove PA 18922 | Forest Grove,1143,667,1464,704,260,764,61.59,52.19,38.98,3274,1728,52.78,Forest Grove Presbyterian Church,1856 Forest Grove Rd Forest Grove PA 18922,Forest Grove,06011,06011-1,Buckingham Twp. Lower 1
Forrest Lodge VFW | 2118 Old Bethlehem Pike Sellersville PA 18960 | Sellersville,811,395,1483,535,119,814,65.97,54.89,30.13,2689,1468,54.59,Forrest Lodge VFW,2118 Old Bethlehem Pike Sellersville PA 18960,Sellersville,52020,52020-1,West Rockhill Twp. Rockhill
Goodnoe Elementary School | 298 Frost Ln Newtown PA 18940 | Newtown,1711,868,1671,1114,328,964,65.11,57.69,37.79,4250,2406,56.61,Goodnoe Elementary School,298 Frost Ln Newtown PA 18940,Newtown,29030; 29060,29030-1; 29060-1,Newtown Twp. District 3; Newtown Twp. District 6
Grace Bible Fellowship Church | 1811 N Old Bethlehem Pike Quakertown PA 18951 | Quakertown,607,319,766,287,71,339,47.28,44.26,22.26,1692,697,41.19,Grace Bible Fellowship Church,1811 N Old Bethlehem Pike Quakertown PA 18951,Quakertown,36030,36030-1,Richland Twp. District 3
Grace Community Church | 300 Highpoint Dr Chalfont PA 18914 | Chalfont,643,313,713,409,121,401,63.61,56.24,38.66,1669,931,55.78,Grace Community Church,300 Highpoint Dr Chalfont PA 18914,Chalfont,26021,26021-1,New Britain Twp. West 1
Grandview Elementary School | 80 Grandview Ave Morrisville PA 19067 | Morrisville,996,345,351,417,65,149,41.87,42.45,18.84,1692,631,37.29,Grandview Elementary School,80 Grandview Ave Morrisville PA 19067,Morrisville,24040,24040-1,Morrisville Borough 4th Ward
Grundy Hall | 1290 Almshouse Rd Doylestown PA 18901 | Doylestown,596,285,751,378,97,422,63.42,56.19,34.04,1632,897,54.96,Grundy Hall,1290 Almshouse Rd Doylestown PA 18901,Doylestown,09070,09070-1,Doylestown Twp. District 7
Grundy House | 1611 Park Ave Quakertown PA 18951 | Quakertown,521,249,515,264,54,246,50.67,47.77,21.69,1285,564,43.89,Grundy House,1611 Park Ave Quakertown PA 18951,Quakertown,35012,35012-1,Quakertown Borough 1 - 2
Harry S Truman High School | 3001 Green Ln Levittown PA 19057 | Levittown,2268,875,1571,1040,148,542,45.86,34.5,16.91,4714,1730,36.7,Harry S Truman High School,3001 Green Ln Levittown PA 19057,Levittown,05023; 05063; 05101; 05102; 05103,05023-1; 05063-1; 05101-1; 05102-1; 05103-1,Bristol Twp. 10 - 1; Bristol Twp. 10 - 2; Bristol Twp. 10 - 3; Bristol Twp. 2 - 3; Bristol Twp. 6 - 3
Haycock Township Community Center | 1014 Old Bethlehem Rd Quakertown PA 18951 | Quakertown,519,298,977,362,131,595,69.75,60.9,43.96,1794,1088,60.65,Haycock Township Community Center,1014 Old Bethlehem Rd Quakertown PA 18951,Quakertown,14000,14000-1,Haycock Twp.
Herbert Hoover Elementary School | 501 Trenton Rd Langhorne PA 19047 | Langhorne,2522,1022,1940,1097,191,790,43.5,40.72,18.69,5484,2078,37.89,Herbert Hoover Elementary School,501 Trenton Rd Langhorne PA 19047,Langhorne,22020; 22130,22020-1; 22130-1,Middletown Twp. Lower 13; Middletown Twp. Lower 2
Hillcrest Elementary School | 420 E Holland Rd Southampton PA 18966 | Southampton,416,229,705,228,63,319,54.81,45.25,27.51,1350,610,45.19,Hillcrest Elementary School,420 E Holland Rd Southampton PA 18966,Southampton,31030,31030-1,Northampton Twp. District 3
Hilltown Baptist Church | 26 Upper Church Rd Chalfont PA 18914 | Chalfont,673,408,1335,417,138,716,61.96,53.63,33.82,2416,1271,52.61,Hilltown Baptist Church,26 Upper Church Rd Chalfont PA 18914,Chalfont,15030,15030-1,Hilltown Twp. Hilltown
Hilltown Township Municipal Building | 13 W Creamery Rd Hilltown Township PA 18927 | Hilltown,1329,771,1863,776,224,887,58.39,47.61,29.05,3963,1887,47.62,Hilltown Township Municipal Building,13 W Creamery Rd Hilltown Township PA 18927,Hilltown,15012; 15013,15012-1; 15013-1,Hilltown Twp. Blooming Glen 2; Hilltown Twp. Blooming Glen 3
Holland Elementary School | 597 Beverly Rd Holland PA 18966 | Holland,602,308,1030,344,116,564,57.14,54.76,37.66,1940,1024,52.78,Holland Elementary School,597 Beverly Rd Holland PA 18966,Holland,31050,31050-1,Northampton Twp. District 5
Holland Elementary School | 597 Beverly Rd Holland PA 18966 | Richboro,677,326,1142,396,81,588,58.49,51.49,24.85,2145,1065,49.65,Holland Elementary School,597 Beverly Rd Holland PA 18966,Richboro,31060,31060-1,Northampton Twp. District 6
Holland Middle School | 400 E Holland Rd Holland PA 18966 | Holland,650,293,859,418,110,485,64.31,56.46,37.54,1802,1013,56.22,Holland Middle School,400 E Holland Rd Holland PA 18966,Holland,31090,31090-1,Northampton Twp. District 9
Ivyland Presbyterian Church | 51 Gough Ave Ivyland PA 18974 | Ivyland,255,94,353,142,31,183,55.69,51.84,32.98,702,356,50.71,Ivyland Presbyterian Church,51 Gough Ave Ivyland PA 18974,Ivyland,17000,17000-1,Ivyland Borough
Joseph E. Hanusey III Community Center | 4757 Gordon Rd Doylestown PA 18902 | Doylestown,1065,551,1132,640,169,557,60.09,49.2,30.67,2748,1366,49.71,Joseph E. Hanusey III Community Center,4757 Gordon Rd Doylestown PA 18902,Doylestown,34040,34040-1,Plumstead Twp. District 4
Joseph Ferderbar Elementary School | 300 Heights Ln Feasterville-Trevose PA 19053 | Feasterville,655,335,891,301,66,396,45.95,44.44,19.7,1881,763,40.56,Joseph Ferderbar Elementary School,300 Heights Ln Feasterville-Trevose PA 19053,Feasterville,21024; 21025,21024-1; 21025-1,Lower Southampton Twp. West 4; Lower Southampton Twp. West 5
Keystone Elementary School | 1800 Keystone Street Croydon PA 19021 | Croydon,934,418,928,376,54,319,40.26,34.38,12.92,2280,749,32.85,Keystone Elementary School,1800 Keystone Street Croydon PA 19021,Croydon,05012; 05013,05012-1; 05013-1,Bristol Twp. 1 - 2; Bristol Twp. 1 - 3
Kings Library Church of the Redeemer | 1065 Bristol Pike Bensalem PA 19020 | Bensalem,579,250,653,270,54,324,46.63,49.62,21.6,1482,648,43.72,Kings Library Church of the Redeemer,1065 Bristol Pike Bensalem PA 19020,Bensalem,02040,02040-1,Bensalem Twp. Upper West
Klinger Middle School | 1415 2nd Street Pike Southampton PA 18966 | Southampton,310,175,546,181,52,306,58.39,56.04,29.71,1031,539,52.28,Klinger Middle School,1415 2nd Street Pike Southampton PA 18966,Southampton,48022,48022-1,Upper Southampton Twp. North 2
Langhorne Manor Municipal Building | 618 Hulmeville Ave Langhorne PA 19047 | Langhorne,257,116,403,154,50,229,59.92,56.82,43.1,776,433,55.8,Langhorne Manor Municipal Building,618 Hulmeville Ave Langhorne PA 19047,Langhorne,19000,19000-1,Langhorne Manor Boro
Lenape Valley Presbyterian Church | 321 W Butler Ave New Britain PA 18901 | New Britain,799,374,756,522,135,399,65.33,52.78,36.1,1929,1056,54.74,Lenape Valley Presbyterian Church,321 W Butler Ave New Britain PA 18901,New Britain,25000,25000-1,New Britain Borough
Log College Middle School | 730 N Norristown Rd Warminster PA 18974 | Warminster,950,337,1112,584,88,569,61.47,51.17,26.11,2399,1241,51.73,Log College Middle School,730 N Norristown Rd Warminster PA 18974,Warminster,49090; 49150,49090-1; 49150-1,Warminster Twp. District 15; Warminster Twp. District 9
Lower Makefield Township Building | 1100 Edgewood Rd Yardley PA 19067 | Yardley,703,366,605,463,150,352,65.86,58.18,40.98,1674,965,57.65,Lower Makefield Township Building,1100 Edgewood Rd Yardley PA 19067,Yardley,20014,20014-1,Lower Makefield Twp. North 4
Lower Southampton Early Learning Center | 7 School Ln Feasterville Trevose PA 19053 | Feasterville,596,323,684,333,78,308,55.87,45.03,24.15,1603,719,44.85,Lower Southampton Early Learning Center,7 School Ln Feasterville Trevose PA 19053,Feasterville,21011,21011-1,Lower Southampton Twp. East 1
Makefield Elementary School | 1939 Makefield Rd Yardley PA 19067 | Yardley,1330,661,1004,857,259,544,64.44,54.18,39.18,2995,1660,55.43,Makefield Elementary School,1939 Makefield Rd Yardley PA 19067,Yardley,20021; 20023,20021-1; 20023-1,Lower Makefield Twp. South 1; Lower Makefield Twp. South 3
Manor Elementary School | 401 Penn Valley Rd Levittown PA 19054 | Levittown,1213,424,957,689,95,391,56.8,40.86,22.41,2594,1175,45.3,Manor Elementary School,401 Penn Valley Rd Levittown PA 19054,Levittown,13043; 13046; 13047,13043-1; 13046-1; 13047-1,Falls Twp. 4 - 3; Falls Twp. 4 - 6; Falls Twp. 4 - 7
Maple Point Middle School | 2250 Langhorne Yardley Rd Langhorne PA 19047 | Langhorne,1958,800,1895,1252,310,1011,63.94,53.35,38.75,4653,2573,55.3,Maple Point Middle School,2250 Langhorne Yardley Rd Langhorne PA 19047,Langhorne,22260; 22270; 22280,22260-1; 22270-1; 22280-1,Middletown Twp. Upper 6; Middletown Twp. Upper 7; Middletown Twp. Upper 8
"Maple Point Middle School | 2250 Langhorne Yardley Road, Langhorne, PA 19047 | Langhorne",1018,451,1148,622,163,577,61.1,50.26,36.14,2617,1362,52.04,Maple Point Middle School,"2250 Langhorne Yardley Road, Langhorne, PA 19047",Langhorne,22230,22230-1,Middletown Twp. Upper 3
Maureen W. Welch Elementary School | 750 New Rd Churchville PA 18966 | Churchville,1204,647,2084,727,226,1058,60.38,50.77,34.93,3935,2011,51.11,Maureen W. Welch Elementary School,750 New Rd Churchville PA 18966,Churchville,31040; 31080,31040-1; 31080-1,Northampton Twp. District 4; Northampton Twp. District 8
"Merck, Sharpe & Dohme Federal Credit Union | 335 West Butler Avenue, Chalfont, PA 18914 | Chalfont",639,317,796,389,115,473,60.88,59.42,36.28,1752,977,55.76,"Merck, Sharpe & Dohme Federal Credit Union","335 West Butler Avenue, Chalfont, PA 18914",Chalfont,26022,26022-1,New Britain Twp. West 2
Middletown Senior Citizens Association | 2142 Trenton Rd Levittown PA 19056 | Levittown,559,216,467,313,68,220,55.99,47.11,31.48,1242,601,48.39,Middletown Senior Citizens Association,2142 Trenton Rd Levittown PA 19056,Levittown,22080,22080-1,Middletown Twp. Lower 8
Middletown Township Building | 3 Municipal Way Langhorne PA 19047 | Langhorne,1441,549,1266,960,179,725,66.62,57.27,32.6,3256,1864,57.25,Middletown Township Building,3 Municipal Way Langhorne PA 19047,Langhorne,22210; 22290,22210-1; 22290-1,Middletown Twp. Upper 1; Middletown Twp. Upper 9
Milford Township Building | 2100 Krammes Rd Quakertown PA 18951 | Quakertown,775,422,1121,439,112,490,56.65,43.71,26.54,2318,1041,44.91,Milford Township Building,2100 Krammes Rd Quakertown PA 18951,Quakertown,23030,23030-1,Milford Twp. Shelly
Mill Creek Elem School | 6501 Mill Creek Rd Levittown PA 19057 | Levittown,2128,702,1042,813,118,325,38.2,31.19,16.81,3872,1256,32.44,Mill Creek Elem School,6501 Mill Creek Rd Levittown PA 19057,Levittown,05052; 05062; 05072,05052-1; 05062-1; 05072-1,Bristol Twp. 5 - 2; Bristol Twp. 6 - 2; Bristol Twp. 7 - 2
Morrisville High School | 550 W Palmer St Morrisville PA 19067 | Morrisville,792,331,434,469,118,194,59.22,44.7,35.65,1557,781,50.16,Morrisville High School,550 W Palmer St Morrisville PA 19067,Morrisville,24030,24030-1,Morrisville Borough 3rd Ward
Morrisville Library Building | 300 N Pennsylvania Ave Morrisville PA 19067 | Morrisville,777,380,497,362,93,207,46.59,41.65,24.47,1654,662,40.02,Morrisville Library Building,300 N Pennsylvania Ave Morrisville PA 19067,Morrisville,24020,24020-1,Morrisville Borough 2nd Ward
Morrisville Senior Citizens Center | 31 E Cleveland Ave Morrisville PA 19067 | Morrisville,682,287,423,324,85,158,47.51,37.35,29.62,1392,567,40.73,Morrisville Senior Citizens Center,31 E Cleveland Ave Morrisville PA 19067,Morrisville,24010,24010-1,Morrisville Borough 1st Ward
Mumbauersville Rod & Gun Club | 1911 Klines Mill Rd Pennsburg PA 18073 | Pennsburg,315,184,588,201,66,332,63.81,56.46,35.87,1087,599,55.11,Mumbauersville Rod & Gun Club,1911 Klines Mill Rd Pennsburg PA 18073,Pennsburg,23010,23010-1,Milford Twp. Roeder
Neidig Elementary School | 201 N Penrose St Quakertown PA 18951 | Quakertown,537,324,712,278,76,303,51.77,42.56,23.46,1573,657,41.77,Neidig Elementary School,201 N Penrose St Quakertown PA 18951,Quakertown,35030,35030-1,Quakertown Borough 3rd Ward
Neil A. Armstrong Middle School | 475 Wistar Rd Fairless Hills PA 19030 | Fairless Hills,2252,846,1763,1088,202,682,48.31,38.68,23.88,4861,1972,40.57,Neil A. Armstrong Middle School,475 Wistar Rd Fairless Hills PA 19030,Fairless Hills,05091; 05092; 05093,05091-1; 05092-1; 05093-1,Bristol Twp. 9 - 1; Bristol Twp. 9 - 2; Bristol Twp. 9 - 3
Neshaminy High School | 2001 Old Lincoln Hwy Langhorne PA 19047 | Langhorne,1359,570,1498,800,174,810,58.87,54.07,30.53,3427,1784,52.06,Neshaminy High School,2001 Old Lincoln Hwy Langhorne PA 19047,Langhorne,22220; 22240,22220-1; 22240-1,Middletown Twp. Upper 2; Middletown Twp. Upper 4
Neshaminy Senior Center | 1842 Brownsville Rd Feasterville Trevose PA 19053 | Trevose,557,253,727,302,63,344,54.22,47.32,24.9,1537,709,46.13,Neshaminy Senior Center,1842 Brownsville Rd Feasterville Trevose PA 19053,Trevose,21014,21014-1,Lower Southampton Twp. East 4
New Britain Township Building | 207 Park Avenue Chalfont PA 18914 | New Britain,851,423,1051,562,156,609,66.04,57.94,36.88,2325,1327,57.08,New Britain Township Building,207 Park Avenue Chalfont PA 18914,New Britain,26010,26010-1,New Britain Twp. East
New Hope Borough Community Room | 125 New St New Hope PA 18938 | New Hope,1204,541,607,787,214,323,65.37,53.21,39.56,2352,1324,56.29,New Hope Borough Community Room,125 New St New Hope PA 18938,New Hope,27000,27000-1,New Hope Borough
Newportville Fire Company #1 | 2425 New Falls Rd Newportville PA 19056 | Newportville,1099,431,649,441,65,186,40.13,28.66,15.08,2179,692,31.76,Newportville Fire Company #1,2425 New Falls Rd Newportville PA 19056,Newportville,05021; 05022,05021-1; 05022-1,Bristol Twp. 2 - 1; Bristol Twp. 2 - 2
Newtown Fire Station | 14 Liberty St Newtown PA 18940 | Newtown,456,191,346,321,102,224,70.39,64.74,53.4,993,647,65.16,Newtown Fire Station,14 Liberty St Newtown PA 18940,Newtown,28010,28010-1,Newtown Borough 1st Ward
Newtown Grant Homeowners Assoc Rec Center | 360 Eagle Rd Newtown PA 18940 | Newtown,950,515,937,632,217,559,66.53,59.66,42.14,2402,1408,58.62,Newtown Grant Homeowners Assoc Rec Center,360 Eagle Rd Newtown PA 18940,Newtown,29070,29070-1,Newtown Twp. District 7
Newtown Joint Municipal Authority | 15 S Congress St Newtown PA 18940 | Newtown,458,198,432,315,86,272,68.78,62.96,43.43,1088,673,61.86,Newtown Joint Municipal Authority,15 S Congress St Newtown PA 18940,Newtown,28020,28020-1,Newtown Borough 2nd Ward
Newtown Middle School | 116 Richboro Rd Newtown PA 18940 | Newtown,1070,466,894,655,180,482,61.21,53.91,38.63,2430,1317,54.2,Newtown Middle School,116 Richboro Rd Newtown PA 18940,Newtown,29010; 29040,29010-1; 29040-1,Newtown Twp. District 1; Newtown Twp. District 4
Newtown Reformed Church | 206 Buck Road Newtown PA 18940 | Newtown,725,323,641,466,107,325,64.28,50.7,33.13,1689,898,53.17,Newtown Reformed Church,206 Buck Road Newtown PA 18940,Newtown,29050,29050-1,Newtown Twp. District 5
Newtown Township Building | 100 Municipal Dr Newtown PA 18940 | Newtown,1225,623,1135,746,213,555,60.9,48.9,34.19,2983,1514,50.75,Newtown Township Building,100 Municipal Dr Newtown PA 18940,Newtown,29080,29080-1,Newtown Twp. District 8
North and Southampton Reformed Church | 1380 Bristol Rd Churchville PA 18966 | Churchville,611,277,927,368,75,468,60.23,50.49,27.08,1815,911,50.19,North and Southampton Reformed Church,1380 Bristol Rd Churchville PA 18966,Churchville,48012,48012-1,Upper Southampton Twp. East 2
Northampton Township Building | 55 Township Rd Richboro PA 18954 | Richboro,1152,467,1587,672,154,841,58.33,52.99,32.98,3206,1667,52.0,Northampton Township Building,55 Township Rd Richboro PA 18954,Richboro,31150; 31180,31150-1; 31180-1,Northampton Twp. District 15; Northampton Twp. District 18
Northampton Township Fire Company | 283 Hatboro Rd Churchville PA 18966 | Churchville,566,289,931,330,105,529,58.3,56.82,36.33,1786,964,53.98,Northampton Township Fire Company,283 Hatboro Rd Churchville PA 18966,Churchville,31130,31130-1,Northampton Twp. District 13
Ottsville Fire Company | 249 Durham Rd Ottsville PA 18942 | Ottsville,362,186,560,230,72,285,63.54,50.89,38.71,1108,587,52.98,Ottsville Fire Company,249 Durham Rd Ottsville PA 18942,Ottsville,44020,44020-1,Tinicum Twp. Tinicum
Oxford Valley Elementary School | 430 Trenton Rd Fairless Hills PA 19030 | Fairless Hills,919,383,842,465,101,361,50.6,42.87,26.37,2144,927,43.24,Oxford Valley Elementary School,430 Trenton Rd Fairless Hills PA 19030,Fairless Hills,13021; 13031,13021-1; 13031-1,Falls Twp. 2 - 1; Falls Twp. 3 - 1
Palisades High School | 35 Church Hill Rd Kintnersville PA 18930 | Kintnersville,730,483,1556,470,137,729,64.38,46.85,28.36,2769,1336,48.25,Palisades High School,35 Church Hill Rd Kintnersville PA 18930,Kintnersville,30010; 30020,30010-1; 30020-1,Nockamixon Twp. Nockamixon; Nockamixon Twp. Revere
Parkland Fire Company | 831 Avenue D Langhorne PA 19047 | Parkland,889,397,1040,520,124,519,58.49,49.9,31.23,2326,1163,50.0,Parkland Fire Company,831 Avenue D Langhorne PA 19047,Parkland,22010,22010-1,Middletown Twp. Lower 1
Passer Community Center | 2580 Richlandtown Pike Coopersburg PA 18036 | Coopersburg,390,248,694,217,55,347,55.64,50.0,22.18,1332,619,46.47,Passer Community Center,2580 Richlandtown Pike Coopersburg PA 18036,Coopersburg,42030,42030-1,Springfield Twp. West
Penn Valley Elementary School | 180 North Turn Ln Levittown PA 19054 | Levittown,1558,569,1161,797,126,476,51.16,41.0,22.14,3288,1399,42.55,Penn Valley Elementary School,180 North Turn Ln Levittown PA 19054,Levittown,13042; 13044; 13045,13042-1; 13044-1; 13045-1,Falls Twp. 4 - 2; Falls Twp. 4 - 4; Falls Twp. 4 - 5
Penndel Borough Hall | 300 Bellevue Ave Penndel PA 19047 | Penndel,730,300,624,358,72,303,49.04,48.56,24.0,1654,733,44.32,Penndel Borough Hall,300 Bellevue Ave Penndel PA 19047,Penndel,32000,32000-1,Penndel Borough
Pennsbury West High School | 608 S Olds Blvd Fairless Hills PA 19030 | Fairless Hills,2083,807,1553,1123,200,656,53.91,42.24,24.78,4443,1979,44.54,Pennsbury West High School,608 S Olds Blvd Fairless Hills PA 19030,Fairless Hills,13012; 13022; 13032,13012-1; 13022-1; 13032-1,Falls Twp. 1 - 2; Falls Twp. 2 - 2; Falls Twp. 3 - 2
Pennwood Library | 301 S Pine St Langhorne PA 19047 | Langhorne,536,183,419,344,68,240,64.18,57.28,37.16,1138,652,57.29,Pennwood Library,301 S Pine St Langhorne PA 19047,Langhorne,18000,18000-1,Langhorne Borough
Pennwood Middle School | 1523 Makefield Rd Yardley PA 19067 | Yardley,1313,590,927,858,245,452,65.35,48.76,41.53,2830,1555,54.95,Pennwood Middle School,1523 Makefield Rd Yardley PA 19067,Yardley,20022; 20027,20022-1; 20027-1,Lower Makefield Twp. South 2; Lower Makefield Twp. South 7
Perkasie Borough Hall | 620 W Chestnut St Perkasie PA 18944 | Perkasie,754,394,842,451,136,417,59.81,49.52,34.52,1990,1004,50.45,Perkasie Borough Hall,620 W Chestnut St Perkasie PA 18944,Perkasie,33020,33020-1,Perkasie Borough 2nd Ward
Perkasie Fire Company | 100 N 5th St Perkasie PA 18944 | Perkasie,752,374,1000,485,114,544,64.49,54.4,30.48,2126,1143,53.76,Perkasie Fire Company,100 N 5th St Perkasie PA 18944,Perkasie,33010,33010-1,Perkasie Borough 1st Ward
Pine Run Community Building | 777 Ferry Rd Doylestown PA 18901 | Doylestown,505,196,484,376,91,303,74.46,62.6,46.43,1185,770,64.98,Pine Run Community Building,777 Ferry Rd Doylestown PA 18901,Doylestown,09020,09020-1,Doylestown Twp. District 2
Plumsteadville Firehouse | 5064 Stump Rd Plumsteadville PA 18949 | Plumsteadville,727,418,990,481,170,569,66.16,57.47,40.67,2135,1220,57.14,Plumsteadville Firehouse,5064 Stump Rd Plumsteadville PA 18949,Plumsteadville,34020,34020-1,Plumstead Twp. District 2
Point Pleasant Fire Company | 6500 Point Pleasant Pike Point Pleasant PA 18950 | Point Pleasant,648,344,914,452,147,557,69.75,60.94,42.73,1906,1156,60.65,Point Pleasant Fire Company,6500 Point Pleasant Pike Point Pleasant PA 18950,Point Pleasant,34010,34010-1,Plumstead Twp. District 1
Poquessing Middle School | 300 Heights Ln Feasterville-Trevose PA 19053 | Feasterville,494,234,546,248,49,214,50.2,39.19,20.94,1274,511,40.11,Poquessing Middle School,300 Heights Ln Feasterville-Trevose PA 19053,Feasterville,21023,21023-1,Lower Southampton Twp. West 3
Quakertown Elementary School | 123 S 7th St Quakertown PA 18951 | Quakertown,377,219,461,181,41,196,48.01,42.52,18.72,1057,418,39.55,Quakertown Elementary School,123 S 7th St Quakertown PA 18951,Quakertown,35040,35040-1,Quakertown Borough 4th Ward
Quakertown United Methodist | 1875 Freier Rd Quakertown PA 18951 | Quakertown,861,510,1499,503,145,729,58.42,48.63,28.43,2870,1377,47.98,Quakertown United Methodist,1875 Freier Rd Quakertown PA 18951,Quakertown,23040,23040-1,Milford Twp. Trumbauersville
"Richboro Elementary School | 125 Upper Holland Road, Richboro, PA 18954 | Richboro",1102,471,1694,701,152,893,63.61,52.72,32.27,3267,1746,53.44,Richboro Elementary School,"125 Upper Holland Road, Richboro, PA 18954",Richboro,31070; 31120,31070-1; 31120-1,Northampton Twp. District 12; Northampton Twp. District 7
Richland Elementary School | 500 Fairview Ave Quakertown PA 18951 | Quakertown,1267,692,1842,679,171,780,53.59,42.35,24.71,3801,1630,42.88,Richland Elementary School,500 Fairview Ave Quakertown PA 18951,Quakertown,36010,36010-1,Richland Twp. District 1
Richland Township Building | 1328 California Rd Quakertown PA 18951 | Quakertown,641,364,1097,341,93,494,53.2,45.03,25.55,2102,928,44.15,Richland Township Building,1328 California Rd Quakertown PA 18951,Quakertown,36020,36020-1,Richland Twp. District 2
Riegelsville Borough Hall | 615 Easton Rd Riegelsville PA 18077 | Riegelsville,294,133,277,196,50,146,66.67,52.71,37.59,704,392,55.68,Riegelsville Borough Hall,615 Easton Rd Riegelsville PA 18077,Riegelsville,38000,38000-1,Riegelsville Borough
Robert Shafer Middle School | 3333 Hulmeville Rd Bensalem PA 19020 | Bensalem,1735,710,1441,733,163,661,42.25,45.87,22.96,3886,1557,40.07,Robert Shafer Middle School,3333 Hulmeville Rd Bensalem PA 19020,Bensalem,02012; 02013,02012-1; 02013-1,Bensalem Twp. Lower East 2; Bensalem Twp. Lower East 3
Rolling Hills Elementary School | 340 Middle Holland Rd Holland PA 18966 | Holland,946,388,1090,564,152,550,59.62,50.46,39.18,2424,1266,52.23,Rolling Hills Elementary School,340 Middle Holland Rd Holland PA 18966,Holland,31100; 31170,31100-1; 31170-1,Northampton Twp. District 10; Northampton Twp. District 17
Russell C. Struble Elementary School | 4300 Bensalem Blvd Bensalem PA 19020 | Bensalem,1816,679,1555,828,176,736,45.59,47.33,25.92,4050,1740,42.96,Russell C. Struble Elementary School,4300 Bensalem Blvd Bensalem PA 19020,Bensalem,02011; 02017,02011-1; 02017-1,Bensalem Twp. Lower East 1; Bensalem Twp. Lower East 7
Russell Elliot Recreation Field Building | 150 Buck Rd Feasterville -Trevose PA 19053 | Feasterville,279,118,453,159,39,237,56.99,52.32,33.05,850,435,51.18,Russell Elliot Recreation Field Building,150 Buck Rd Feasterville -Trevose PA 19053,Feasterville,21022,21022-1,Lower Southampton Twp. West 2
Salem Harbor Apts. | 463 Old Bridge Rd Bensalem PA 19020 | Bensalem,691,262,587,329,64,228,47.61,38.84,24.43,1540,621,40.32,Salem Harbor Apts.,463 Old Bridge Rd Bensalem PA 19020,Bensalem,02030,02030-1,Bensalem Twp. Lower West
Salem United Church of Christ | 186 E Court St Doylestown PA 18901 | Doylestown,568,210,295,396,72,165,69.72,55.93,34.29,1073,633,58.99,Salem United Church of Christ,186 E Court St Doylestown PA 18901,Doylestown,08012,08012-1,Doylestown Borough 1 - 2
Samuel K. Faust Elementary School | 2901 Bellview Dr Bensalem PA 19020 | Bensalem,1205,507,1009,471,100,420,39.09,41.63,19.72,2721,991,36.42,Samuel K. Faust Elementary School,2901 Bellview Dr Bensalem PA 19020,Bensalem,02052; 02055,02052-1; 02055-1,Bensalem Twp. Upper 2; Bensalem Twp. Upper 5
Sandburg Middle School | 30 Harmony Rd Levittown PA 19056 | Levittown,844,400,797,431,103,389,51.07,48.81,25.75,2041,923,45.22,Sandburg Middle School,30 Harmony Rd Levittown PA 19056,Levittown,22070; 22110,22070-1; 22110-1,Middletown Twp. Lower 11; Middletown Twp. Lower 7
Sarah Mitchell Comm. Cent. | 1500 Desire Ave Feasterville Trevose PA 19053 | Feasterville,369,186,582,185,49,278,50.14,47.77,26.34,1137,512,45.03,Sarah Mitchell Comm. Cent.,1500 Desire Ave Feasterville Trevose PA 19053,Feasterville,21012,21012-1,Lower Southampton Twp. East 2
Scottsville United Methodist Church | 2400 Brownsville Rd Langhorne PA 19053 | Langhorne,481,170,645,270,42,350,56.13,54.26,24.71,1296,662,51.08,Scottsville United Methodist Church,2400 Brownsville Rd Langhorne PA 19053,Langhorne,21015,21015-1,Lower Southampton Twp. East 5
Sellersville Fire Department | 2 N Main St Sellersville PA 18960 | Sellersville,1052,534,1163,595,141,533,56.56,45.83,26.4,2749,1269,46.16,Sellersville Fire Department,2 N Main St Sellersville PA 18960,Sellersville,39010; 39030,39010-1; 39030-1,Sellersville Borough District 1; Sellersville Borough District 3
Seventh-Day Adventist Church | 10 Greene Rd Warminster PA 18974 | Warminster,594,251,745,329,73,365,55.39,48.99,29.08,1590,767,48.24,Seventh-Day Adventist Church,10 Greene Rd Warminster PA 18974,Warminster,49070,49070-1,Warminster Twp. District 7
Silverdale Brethren in Christ Church | 167 W Main St Silverdale PA 18962 | Silverdale,195,100,329,121,40,190,62.05,57.75,40.0,624,351,56.25,Silverdale Brethren in Christ Church,167 W Main St Silverdale PA 18962,Silverdale,40000,40000-1,Silverdale Borough
Simon Butler Elementary School | 200 Brittany Dr Chalfont PA 18914 | Chalfont,1645,700,1559,987,251,813,60.0,52.15,35.86,3904,2051,52.54,Simon Butler Elementary School,200 Brittany Dr Chalfont PA 18914,Chalfont,26031; 26032,26031-1; 26032-1,New Britain Twp. South 1; New Britain Twp. South 2
Snyder-Girotti Elementary School | 450 Beaver St Bristol PA 19007 | Bristol,1083,314,456,479,58,157,44.23,34.43,18.47,1853,694,37.45,Snyder-Girotti Elementary School,450 Beaver St Bristol PA 19007,Bristol,04031; 04032; 04033,04031-1; 04032-1; 04033-1,Bristol Borough West 1; Bristol Borough West 2; Bristol Borough West 3
Sol Feinstone Elementary School | 1090 Eagle Rd Newtown PA 18940 | Newtown,1271,704,1599,813,293,943,63.97,58.97,41.62,3574,2049,57.33,Sol Feinstone Elementary School,1090 Eagle Rd Newtown PA 18940,Newtown,47010; 47030,47010-1; 47030-1,Upper Makefield Twp. District 1; Upper Makefield Twp. District 3
Solebury Township Building | 3092 Sugan Rd Solebury PA 18963 | Solebury,1241,507,761,831,218,409,66.96,53.75,43.0,2509,1458,58.11,Solebury Township Building,3092 Sugan Rd Solebury PA 18963,Solebury,41020,41020-1,Solebury Twp. Middle
Somerton Springs Ballroom | 50 Bustleton Pike Feasterville Trevose PA 19053 | Feasterville,558,332,806,309,81,364,55.38,45.16,24.4,1696,754,44.46,Somerton Springs Ballroom,50 Bustleton Pike Feasterville Trevose PA 19053,Feasterville,21021; 21027,21021-1; 21027-1,Lower Southampton Twp. West 1; Lower Southampton Twp. West 7
Southampton Fire House | 925 Street Rd Southampton PA 18966 | Southampton,1464,634,2246,836,169,1018,57.1,45.33,26.66,4344,2023,46.57,Southampton Fire House,925 Street Rd Southampton PA 18966,Southampton,48011; 48031; 48032,48011-1; 48031-1; 48032-1,Upper Southampton Twp. East 1; Upper Southampton Twp. South 1; Upper Southampton Twp. South 2
Springtown Fire Company | 3010 Route 212 Springtown PA 18081 | Springtown,441,267,713,265,95,369,60.09,51.75,35.58,1421,729,51.3,Springtown Fire Company,3010 Route 212 Springtown PA 18081,Springtown,42010,42010-1,Springfield Twp. East
St Ann Worship Site | 357 Dorrance St Bristol PA 19007 | Bristol,953,249,423,418,55,148,43.86,34.99,22.09,1625,621,38.22,St Ann Worship Site,357 Dorrance St Bristol PA 19007,Bristol,04041; 04042; 04043,04041-1; 04042-1; 04043-1,Bristol Borough South 1; Bristol Borough South 2; Bristol Borough South 3
St. Andrew's Lutheran Church | 20 Dill Ave Perkasie PA 18944 | Perkasie,1036,503,1304,653,166,685,63.03,52.53,33.0,2843,1504,52.9,St. Andrew's Lutheran Church,20 Dill Ave Perkasie PA 18944,Perkasie,33030,33030-1,Perkasie Borough 3rd Ward
St. Cyril of Jerusalem | 1410 Almshouse Rd Jamison PA 18929 | Jamison,1696,820,2289,1029,299,1225,60.67,53.52,36.46,4805,2553,53.13,St. Cyril of Jerusalem,1410 Almshouse Rd Jamison PA 18929,Jamison,51020; 51050,51020-1; 51050-1,Warwick Twp. District 2; Warwick Twp. District 5
St. John's Activity Center | 26 First Ave Richlandtown PA 18955 | Richlandtown,269,169,404,152,56,216,56.51,53.47,33.14,842,424,50.36,St. John's Activity Center,26 First Ave Richlandtown PA 18955,Richlandtown,37000,37000-1,Richlandtown Borough
St. John's Lutheran Church | 910 Allentown Rd Sellersville PA 18960 | Sellersville,357,237,717,252,75,377,70.59,52.58,31.65,1311,704,53.7,St. John's Lutheran Church,910 Allentown Rd Sellersville PA 18960,Sellersville,52010,52010-1,West Rockhill Twp. Argus
St. Paul's Episcopal Church | 89 Pinewood Dr Levittown PA 19054 | Levittown,540,203,457,273,57,201,50.56,43.98,28.08,1200,531,44.25,St. Paul's Episcopal Church,89 Pinewood Dr Levittown PA 19054,Levittown,13041,13041-1,Falls Twp. 4 - 1
St. Paul's United Church of Christ | 104 Green St Sellersville PA 18960 | Sellersville,196,100,197,133,28,101,67.86,51.27,28.0,493,262,53.14,St. Paul's United Church of Christ,104 Green St Sellersville PA 18960,Sellersville,39020,39020-1,Sellersville Borough District 2
St. Peter's Lutheran Church | 1530 Augsburg Dr Hilltown PA 18927 | Hilltown,642,394,1211,383,128,576,59.66,47.56,32.49,2247,1087,48.38,St. Peter's Lutheran Church,1530 Augsburg Dr Hilltown PA 18927,Hilltown,15022,15022-1,Hilltown Twp. Fairhill 2
Tapestry Clubhouse | 100 Independence Dr Holland PA 18966 | Holland,743,263,759,487,101,383,65.55,50.46,38.4,1765,971,55.01,Tapestry Clubhouse,100 Independence Dr Holland PA 18966,Holland,31110,31110-1,Northampton Twp. District 11
Tawanka Learning Center | 2055 Brownsville Rd Langhorne PA 19053 | Langhorne,534,230,693,302,60,357,56.55,51.52,26.09,1457,719,49.35,Tawanka Learning Center,2055 Brownsville Rd Langhorne PA 19053,Langhorne,21013,21013-1,Lower Southampton Twp. East 3
Telford Borough Community Center | 125 S Hamilton St Telford PA 18969 | Telford,566,287,806,329,99,421,58.13,52.23,34.49,1659,849,51.18,Telford Borough Community Center,125 S Hamilton St Telford PA 18969,Telford,43000,43000-1,Telford Borough
"Thompson Memorial Presbyterian Church | 1680 Aquetong Road, New Hope, PA 18938 | New Hope",1395,761,1187,906,320,668,64.95,56.28,42.05,3343,1894,56.66,Thompson Memorial Presbyterian Church,"1680 Aquetong Road, New Hope, PA 18938",New Hope,41011; 41012,41011-1; 41012-1,Solebury Twp. Lower 1; Solebury Twp. Lower 2
Tinicum Township Building | 163 Municipal Rd Pipersville PA 18947 | Pipersville,436,224,500,322,90,265,73.85,53.0,40.18,1160,677,58.36,Tinicum Township Building,163 Municipal Rd Pipersville PA 18947,Pipersville,44030,44030-1,Tinicum Twp. Tohickon
Titus Elementary School | 2333 Lower Barness Rd Warrington PA 18976 | Warrington,984,339,861,562,98,424,57.11,49.25,28.91,2184,1084,49.63,Titus Elementary School,2333 Lower Barness Rd Warrington PA 18976,Warrington,50040,50040-1,Warrington Twp. District 4
Tohickon Middle School | 5051 Old Easton Rd Doylestown PA 18902 | Doylestown,1412,872,1929,862,277,1022,61.05,52.98,31.77,4213,2161,51.29,Tohickon Middle School,5051 Old Easton Rd Doylestown PA 18902,Doylestown,34030; 34050,34030-1; 34050-1,Plumstead Twp. District 3; Plumstead Twp. District 5
Trevose Fire Company | 4900 E Street Rd Trevose PA 19053 | Trevose,1620,636,1493,746,147,604,46.05,40.46,23.11,3749,1497,39.93,Trevose Fire Company,4900 E Street Rd Trevose PA 19053,Trevose,02051; 02053,02051-1; 02053-1,Bensalem Twp. Upper 1; Bensalem Twp. Upper 3
Trinity Episcopal Church Solebury | 6587 Upper York Rd Solebury PA 18963 | Solebury,945,384,731,646,171,368,68.36,50.34,44.53,2060,1185,57.52,Trinity Episcopal Church Solebury,6587 Upper York Rd Solebury PA 18963,Solebury,41030,41030-1,Solebury Twp. Upper
Trinity Evangelical Lutheran Church | 2170 Route 212 Coopersburg PA 18036 | Coopersburg,463,248,699,310,96,342,66.95,48.93,38.71,1410,748,53.05,Trinity Evangelical Lutheran Church,2170 Route 212 Coopersburg PA 18036,Coopersburg,42020,42020-1,Springfield Twp. Middle
Trumbauersville Borough Building | 1 Evergreen Dr Trumbauersville PA 18970 | Trumbauersville,199,121,323,131,43,187,65.83,57.89,35.54,643,361,56.14,Trumbauersville Borough Building,1 Evergreen Dr Trumbauersville PA 18970,Trumbauersville,45000,45000-1,Trumbauersville Boro
Tullytown Borough Hall | 500 Main St Tullytown PA 19007 | Tullytown,839,264,510,420,57,193,50.06,37.84,21.59,1613,670,41.54,Tullytown Borough Hall,500 Main St Tullytown PA 19007,Tullytown,46000,46000-1,Tullytown Borough
Union Fire Company | 2067 State Rd Bensalem PA 19020 | Bensalem,681,303,759,323,83,344,47.43,45.32,27.39,1743,750,43.03,Union Fire Company,2067 State Rd Bensalem PA 19020,Bensalem,02021,02021-1,Bensalem Twp. Lower Middle 1
Upper Southampton Township Parks & Recreation | 913 Willow St Southampton PA 18966 | Southampton,1009,430,1376,605,118,696,59.96,50.58,27.44,2815,1419,50.41,Upper Southampton Township Parks & Recreation,913 Willow St Southampton PA 18966,Southampton,48021; 48041; 48042,48021-1; 48041-1; 48042-1,Upper Southampton Twp. North 1; Upper Southampton Twp. West 1; Upper Southampton Twp. West 2
VFW Post 1597 | 901 Bellevue Ave Croydon PA 19021 | Croydon,584,299,703,261,53,260,44.69,36.98,17.73,1586,574,36.19,VFW Post 1597,901 Bellevue Ave Croydon PA 19021,Croydon,05011,05011-1,Bristol Twp. 1 - 1
Valley Elementary School | 3100 Donallen Dr Bensalem PA 19020 | Bensalem,1766,618,1745,1062,205,985,60.14,56.45,33.17,4129,2252,54.54,Valley Elementary School,3100 Donallen Dr Bensalem PA 19020,Bensalem,02056; 02059; 02060,02056-1; 02059-1; 02060-1,Bensalem Twp. Upper 10; Bensalem Twp. Upper 6; Bensalem Twp. Upper 9
Village Park Elementary School | 75 Unity Dr Fairless Hills PA 19030 | Fairless Hills,606,211,458,325,56,212,53.63,46.29,26.54,1275,593,46.51,Village Park Elementary School,75 Unity Dr Fairless Hills PA 19030,Fairless Hills,13014,13014-1,Falls Twp. 1 - 4
Village Shires Community Center #1 | 3001 E Village Rd Holland PA 18966 | Holland,1513,738,1704,847,188,794,55.98,46.6,25.47,3955,1829,46.25,Village Shires Community Center #1,3001 E Village Rd Holland PA 18966,Holland,31140; 31160,31140-1; 31160-1,Northampton Twp. District 14; Northampton Twp. District 16
Walter S. Miller Elementary School | 10 Cobalt Ridge Dr S Levittown PA 19057 | Levittown,817,309,784,515,87,396,63.04,50.51,28.16,1910,998,52.25,Walter S. Miller Elementary School,10 Cobalt Ridge Dr S Levittown PA 19057,Levittown,22030; 22040,22030-1; 22040-1,Middletown Twp. Lower 3; Middletown Twp. Lower 4
Warminster Community Center | 75 Downey Dr Warminster PA 18974 | Warminster,550,226,294,242,32,88,44.0,29.93,14.16,1070,362,33.83,Warminster Community Center,75 Downey Dr Warminster PA 18974,Warminster,49020,49020-1,Warminster Twp. District 2
Warminster Library | 1076 Emma Ln Warminster PA 18974 | Warminster,742,299,965,436,86,455,58.76,47.15,28.76,2006,977,48.7,Warminster Library,1076 Emma Ln Warminster PA 18974,Warminster,49010; 49170,49010-1; 49170-1,Warminster Twp. District 1; Warminster Twp. District 17
Warminster Presbyterian Church | 500 Madison Ave Warminster PA 18974 | Warminster,900,457,905,415,107,370,46.11,40.88,23.41,2262,892,39.43,Warminster Presbyterian Church,500 Madison Ave Warminster PA 18974,Warminster,49030,49030-1,Warminster Twp. District 3
Warminster Township Building | 401 Gibson Ave #1 Warminster PA 18974 | Warminster,396,159,588,227,55,269,57.32,45.75,34.59,1143,551,48.21,Warminster Township Building,401 Gibson Ave #1 Warminster PA 18974,Warminster,49040,49040-1,Warminster Twp. District 4
Warrington Fellowship Church | 1455 Cooper Ln Warrington PA 18976 | Warrington,1508,722,1809,917,244,992,60.81,54.84,33.8,4039,2153,53.31,Warrington Fellowship Church,1455 Cooper Ln Warrington PA 18976,Warrington,50030; 50050,50030-1; 50050-1,Warrington Twp. District 3; Warrington Twp. District 5
Warrington Fire Company | 2310 Freedoms Way Warrington PA 18976 | Warrington,807,365,967,471,118,513,58.36,53.05,32.33,2139,1102,51.52,Warrington Fire Company,2310 Freedoms Way Warrington PA 18976,Warrington,50080,50080-1,Warrington Twp. District 8
Warrington Township Building | 852 Easton Rd Warrington PA 18976 | Warrington,767,360,936,472,147,515,61.54,55.02,40.83,2063,1134,54.97,Warrington Township Building,852 Easton Rd Warrington PA 18976,Warrington,50010,50010-1,Warrington Twp. District 1
Warwick Township Building | 1733 Twp Green Jamison PA 18929 | Jamison,1600,723,2111,1010,252,1159,63.12,54.9,34.85,4434,2421,54.6,Warwick Township Building,1733 Twp Green Jamison PA 18929,Jamison,51010; 51040,51010-1; 51040-1,Warwick Twp. District 1; Warwick Twp. District 4
Warwick township firehouse | 2390 York Rd Jamison PA 18929 | Jamison,833,437,932,479,150,500,57.5,53.65,34.32,2202,1129,51.27,Warwick township firehouse,2390 York Rd Jamison PA 18929,Jamison,51030,51030-1,Warwick Twp. District 3
Wesley Enhanced Living | 200 Veterans Ln Doylestown PA 18901 | Doylestown,895,380,624,569,137,294,63.58,47.12,36.05,1899,1000,52.66,Wesley Enhanced Living,200 Veterans Ln Doylestown PA 18901,Doylestown,08022,08022-1,Doylestown Borough 2 - 2
West End Fire Company | 1319 Park Ave Quakertown PA 18951 | Quakertown,555,292,598,267,62,246,48.11,41.14,21.23,1445,575,39.79,West End Fire Company,1319 Park Ave Quakertown PA 18951,Quakertown,35011,35011-1,Quakertown Borough 1 - 1
William Penn Fire Company | 123 Main St Hulmeville PA 19047 | Hulmeville,298,143,347,173,56,162,58.05,46.69,39.16,788,391,49.62,William Penn Fire Company,123 Main St Hulmeville PA 19047,Hulmeville,16000,16000-1,Hulmeville Borough
William Tennent High School | 333 Centennial Rd Warminster PA 18974 | Warminster,1187,443,980,616,107,406,51.9,41.43,24.15,2610,1129,43.26,William Tennent High School,333 Centennial Rd Warminster PA 18974,Warminster,49100; 49160,49100-1; 49160-1,Warminster Twp. District 10; Warminster Twp. District 16
William W.H. Davis Elementary School | 475 Maple Ave Southampton PA 18966 | Southampton,669,245,862,385,68,429,57.55,49.77,27.76,1776,882,49.66,William W.H. Davis Elementary School,475 Maple Ave Southampton PA 18966,Southampton,48023; 48024,48023-1; 48024-1,Upper Southampton Twp. North 3; Upper Southampton Twp. North 4
Willow Dale Elementary School | 720 N Norristown Rd Warminster PA 18974 | Warminster,994,424,1278,539,117,603,54.23,47.18,27.59,2696,1259,46.7,Willow Dale Elementary School,720 N Norristown Rd Warminster PA 18974,Warminster,49060; 49130,49060-1; 49130-1,Warminster Twp. District 13; Warminster Twp. District 6
Woodside Church | 1667 Edgewood Rd Yardley PA 19067 | Yardley,2214,1097,1722,1287,352,717,58.13,41.64,32.09,5033,2356,46.81,Woodside Church,1667 Edgewood Rd Yardley PA 19067,Yardley,20015; 20016,20015-1; 20016-1,Lower Makefield Twp. North 5; Lower Makefield Twp. North 6
Yardley-Makefield Fire Company | 105 S Main St Yardley PA 19067 | Yardley,1075,498,714,743,220,440,69.12,61.62,44.18,2287,1403,61.35,Yardley-Makefield Fire Company,105 S Main St Yardley PA 19067,Yardley,54000,54000-1,Yardley Borough
